{
  "best_config": {
    "rob_size": 160,
    "l1_cache_size": 32,
    "l2_cache_size": 320,
    "issue_width": 7,
    "l1_latency": 2,
    "l2_latency": 13,
    "l3_cache_size": 1536,
    "l3_latency": 30,
    "memory_latency": 200,
    "memory_bandwidth": 15,
    "branch_predictor_size": 4096,
    "tlb_size": 2048,
    "execution_units": 4,
    "simd_width": 256,
    "prefetcher_lines": 12,
    "smt_threads": 4
  },
  "actual_parameters": {
    "rob_size": 128,
    "l1_cache_size": 64,
    "l2_cache_size": 256,
    "issue_width": 4,
    "l1_latency": 3,
    "l2_latency": 12,
    "l3_cache_size": 2048,
    "l3_latency": 40,
    "memory_latency": 200,
    "memory_bandwidth": 25,
    "branch_predictor_size": 4096,
    "tlb_size": 512,
    "execution_units": 4,
    "simd_width": 256,
    "prefetcher_lines": 16,
    "smt_threads": 2
  },
  "best_error": 1.7250722749175251,
  "best_iteration": 53,
  "error_history": [
    1.7572879973043625,
    3.084848054281786,
    2.5978489417154913,
    2.2534602782571374,
    1.8182746618347927,
    2.501554272354273,
    5.58197418626926,
    2.6137989107839643,
    2.880868917693698,
    1.9960551083448048,
    1.9735000230505564,
    1.8303033541584,
    1.730587413562048,
    1.7802732764173856,
    1.74517066064704,
    1.9117427323995038,
    2.3392304612873644,
    3.1900014711349116,
    2.3542313506541745,
    2.114818449293493,
    5.078332365862382,
    8.356347076296379,
    7.681675780845276,
    5.5348181088449655,
    3.3252239408210906,
    4.109657682682544,
    10.911076741294616,
    1.7552587419270105,
    4.4558430167084,
    1.7929311813534403,
    2.792097269499373,
    2.5512996197959006,
    2.066365218267094,
    2.3374460807695714,
    1.7493925283027651,
    4.482216301028652,
    1.909344591571385,
    40.777970263344265,
    5.427005187462575,
    1.7374854983637582,
    1.7349587135899052,
    2.3994807558301896,
    2.611058594866848,
    2.285774737372728,
    3.937085482807142,
    2.5026365779917077,
    1.930029151503957,
    1.7379994882778147,
    14.482706046184633,
    1.7601537196671388,
    2.715384176633238,
    1.7349473339270876,
    1.7250722749175251,
    7.0782195916253805,
    5.959326513543957,
    2.961812154731283,
    6.36053707720267,
    1.7439867291200424,
    1.8193743305302295,
    11.56749185674548,
    1.8812346822400647,
    3.902176914768167,
    2.558584881712113,
    3.5258632585824166,
    2.1424422119882833,
    6.584513901933326,
    1.9411791089238781,
    1.8228652306168451,
    3.2467080804988404,
    1.7258654134443887,
    4.376225531812777,
    3.0930767926933194,
    4.21692382451899,
    8.334233989347172,
    3.434989897400128,
    2.105187486378055,
    2.327593038703724,
    1.871098328481268,
    2.38211222511198,
    1.7401768049517599,
    2.08339129645759,
    3.5539946789736203,
    7.2705306868204795,
    2.1598673967538002,
    6.663105016293637,
    1.8319671508156345,
    2.079024903249562,
    2.620580257828794,
    2.0863393107592962,
    1.8032046223741887,
    1.754353926648945,
    1.7455068634279398,
    7.109044910473067,
    2.91693583838713,
    21.307587064657785,
    7.03891179013855,
    2.414916195939569,
    2.8606760171451944,
    1.8202786030027434,
    2.441000575948865,
    1.7250722749175251,
    1.7258654134443887,
    1.730587413562048,
    1.7349473339270876,
    1.7349587135899052,
    1.7374854983637582,
    1.7379994882778147,
    1.7401768049517599,
    1.7439867291200424,
    1.74517066064704,
    1.7455068634279398,
    1.7493925283027651,
    1.754353926648945,
    1.73845880359216,
    4.373038125104637,
    1.73845880359216,
    1.7552587419270105,
    1.7572879973043625,
    1.7601537196671388,
    1.7802732764173856,
    1.7929311813534403,
    1.8032046223741887,
    1.8182746618347927,
    1.8193743305302295,
    1.8202786030027434,
    2.711778981755267,
    1.8228652306168451,
    1.8303033541584,
    1.8319671508156345,
    1.871098328481268,
    1.8812346822400647,
    1.909344591571385,
    1.9117427323995038,
    1.930029151503957,
    1.9411791089238781,
    1.9735000230505564,
    1.9960551083448048,
    2.066365218267094,
    2.079024903249562,
    2.08339129645759,
    2.0863393107592962,
    2.105187486378055,
    2.114818449293493,
    2.1424422119882833,
    2.1598673967538002,
    2.2534602782571374,
    1.7864803937128406,
    1.7864803937128406,
    2.284152383656971,
    2.284152383656971,
    2.285774737372728,
    2.327593038703724,
    2.3374460807695714,
    2.3392304612873644,
    2.3542313506541745,
    2.38211222511198,
    2.3994807558301896,
    2.414916195939569,
    2.441000575948865,
    2.501554272354273,
    2.5026365779917077,
    2.5512996197959006,
    2.558584881712113,
    2.5978489417154913,
    3.2210431209907924,
    2.611058594866848,
    2.6137989107839643,
    3.090207968143351,
    2.620580257828794,
    1.7250722749175251,
    1.7258654134443887,
    1.730587413562048,
    1.7349473339270876,
    1.7349587135899052,
    1.7374854983637582,
    1.7379994882778147,
    1.73845880359216,
    1.7401768049517599,
    1.7439867291200424,
    1.74517066064704,
    1.7455068634279398,
    1.7493925283027651,
    1.754353926648945,
    1.7552587419270105,
    1.7572879973043625,
    1.7601537196671388,
    2.711778981755267,
    2.715384176633238,
    1.7802732764173856,
    1.7864803937128406,
    1.7929311813534403,
    1.8032046223741887,
    1.8182746618347927,
    1.8193743305302295,
    1.8202786030027434,
    3.361891545846789,
    1.8228652306168451,
    1.8303033541584,
    1.8319671508156345,
    8.37724563257474
  ],
  "match_history": [
    0,
    0,
    0,
    0,
    0,
    0,
    0,
    0,
    0,
    0,
    0,
    0,
    0,
    0,
    0,
    0,
    0,
    0,
    0,
    0,
    0,
    0,
    0,
    0,
    0,
    0,
    0,
    0,
    0,
    0,
    0,
    0,
    0,
    0,
    0,
    0,
    0,
    0,
    0,
    0,
    0,
    0,
    0,
    0,
    0,
    0,
    0,
    0,
    0,
    0,
    0,
    0,
    0,
    0,
    0,
    0,
    0,
    0,
    0,
    0,
    0,
    0,
    0,
    0,
    0,
    0,
    0,
    0,
    0,
    0,
    0,
    0,
    0,
    0,
    0,
    0,
    0,
    0,
    0,
    0,
    0,
    0,
    0,
    0,
    0,
    0,
    0,
    0,
    0,
    0,
    0,
    0,
    0,
    0,
    0,
    0,
    0,
    0,
    0,
    0,
    0,
    0,
    0,
    0,
    0,
    0,
    0,
    0,
    0,
    0,
    0,
    0,
    0,
    0,
    0,
    0,
    0,
    0,
    0,
    0,
    0,
    0,
    0,
    0,
    0,
    0,
    0,
    0,
    0,
    0,
    0,
    0,
    0,
    0,
    0,
    0,
    0,
    0,
    0,
    0,
    0,
    0,
    0,
    0,
    0,
    0,
    0,
    0,
    0,
    0,
    0,
    0,
    0,
    0,
    0,
    0,
    0,
    0,
    0,
    0,
    0,
    0,
    0,
    0,
    0,
    0,
    0,
    0,
    0,
    0,
    0,
    0,
    0,
    0,
    0,
    0,
    0,
    0,
    0,
    0,
    0,
    0,
    0,
    0,
    0,
    0,
    0,
    0,
    0,
    0,
    0,
    0,
    0,
    0,
    0,
    0,
    0,
    0,
    0,
    4
  ],
  "iterations": 200,
  "use_multi_metric": true,
  "max_matches": 4,
  "final_matches": 4,
  "search_space_info": {
    "total_configs": 490930300,
    "unique_configs_tested": 109,
    "coverage_percent": 2.220274446291052e-05,
    "iterations": 200
  },
  "note": "Parameters predicted using ONLY performance metrics. Actual parameters used only for validation."
}