{
  "best_config": {
    "rob_size": 64,
    "l1_cache_size": 64,
    "l2_cache_size": 256,
    "issue_width": 4,
    "l1_latency": 3,
    "l2_latency": 12
  },
  "actual_parameters": {
    "rob_size": 128,
    "l1_cache_size": 64,
    "l2_cache_size": 256,
    "issue_width": 4,
    "l1_latency": 3,
    "l2_latency": 12
  },
  "best_error": 0.1739552660357832,
  "best_iteration": 261,
  "error_history": [
    0.3597703524197334,
    0.2417503413428812,
    0.23107153279962137,
    0.24363742971334396,
    0.2374113362860145,
    0.25878839078775634,
    0.2984899344000969,
    0.25718951588005784,
    0.261029905734822,
    0.30693838733605927,
    0.18562463652161532,
    0.20331368015110554,
    0.3163765118389503,
    0.32735442356084454,
    0.20772518015110553,
    0.27762484272883137,
    0.32652646353084447,
    0.2398341466813645,
    0.27771984752321377,
    0.2557680889190519,
    0.2801347364121026,
    0.21954681226212602,
    0.2109751976787927,
    0.26048296592000714,
    0.26394625986579195,
    0.3295180607530667,
    0.17064143040232257,
    0.27032461358038085,
    0.18401895502909746,
    0.3459836600008587,
    0.25003116405367476,
    0.24070322112761353,
    0.394226210058195,
    0.27737242513144117,
    0.22633988779428021,
    0.21680900789263355,
    0.21568224576824743,
    0.2968653094700488,
    0.22142098427954954,
    0.20251033830088958,
    0.25622769905367476,
    0.245738996275897,
    0.2710158541888024,
    0.2503242980619044,
    0.24693575189886746,
    0.26215150189886743,
    0.2173189124349141,
    0.2212303524720108,
    0.2990655049319749,
    0.28362265931549474,
    0.32287083612815715,
    0.27327198870567815,
    0.1564353392528085,
    0.21103592632380297,
    0.2673818797658684,
    0.23105693943476832,
    0.2819239572378936,
    0.252115644274872,
    0.24425325639523776,
    0.1950161778250863,
    0.31426158254824504,
    0.3299516708873298,
    0.24186777631099407,
    0.22432103101212603,
    0.30094349264882814,
    0.2767629943576632,
    0.3326860235608446,
    0.22943530595692205,
    0.29025549264882805,
    0.26660396000283454,
    0.16848989502190634,
    0.22367138128637182,
    0.27196251927487197,
    0.24917553536445158,
    0.16088119826153344,
    0.22713467939093335,
    0.31930910915318267,
    0.25785462795704417,
    0.3175929763089581,
    0.33967763985708804,
    0.22758766633708682,
    0.2804929586343249,
    0.2904221875221358,
    0.2390605837255473,
    0.24435056739895708,
    0.28677772096450804,
    0.27223573870567813,
    0.22347633197514255,
    0.23848229806190444,
    0.21090976348443885,
    0.16032080691931117,
    0.22489895604727547,
    0.23640947761538725,
    0.21865405595692203,
    0.24818805905367478,
    0.364663710058195,
    0.2381440598758089,
    0.3307130792692406,
    0.2519354539970942,
    0.2774869632653083,
    0.32923068575306674,
    0.2718212986332469,
    0.2223613460576,
    0.19618658096605976,
    0.1957074142993931,
    0.2619350196949492,
    0.24714394534997106,
    0.2748722515203301,
    0.27229117513144124,
    0.2935313418075043,
    0.2843712704266059,
    0.22287721461970517,
    0.27713910546877435,
    0.3318770583503794,
    0.30024872381191997,
    0.2803703907969763,
    0.2697521126314413,
    0.13414584318080794,
    0.2641450196949492,
    0.29139328254824504,
    0.34530772501704604,
    0.16621720983672117,
    0.1629102541479973,
    0.2680436446949492,
    0.29929481756192,
    0.18305874208503703,
    0.24559035038506816,
    0.23506417971334395,
    0.21898110300204443,
    0.24887950189886746,
    0.2018518518518518,
    0.18593718746160992,
    0.295962712474619,
    0.2258921649720108,
    0.3063774030787693,
    0.20524143015110552,
    0.23849384807025334,
    0.24685553557025336,
    0.3699030584359073,
    0.2922450871569341,
    0.33871901908640006,
    0.21686542872399397,
    0.19716138836549668,
    0.18515611322131256,
    0.2300342527070288,
    0.312060507634178,
    0.22030149599052934,
    0.2822235836356786,
    0.2152362620573273,
    0.2824434926488281,
    0.2085439871733855,
    0.3133328039941474,
    0.29113848254824504,
    0.29245979088157836,
    0.1835697513442963,
    0.24549429806190443,
    0.2991173042978414,
    0.34770634316327165,
    0.30130104580795236,
    0.2565263838792127,
    0.3550813830897476,
    0.28793728867916246,
    0.28242387432731064,
    0.29100974264882806,
    0.2742965884750568,
    0.2521049872163034,
    0.19641972169883004,
    0.31163550763417797,
    0.26032875986579196,
    0.30877095487917505,
    0.2545429844385257,
    0.32981062356084456,
    0.2309781178923482,
    0.19800644902040088,
    0.20760606451824742,
    0.2620239463433119,
    0.2925379943576632,
    0.23278490239773128,
    0.3295408917692406,
    0.29071808254824505,
    0.30722638240846023,
    0.2491566001792664,
    0.23351732851721396,
    0.3331273916837127,
    0.15662722381687622,
    0.21744383197514253,
    0.24661847979035015,
    0.2759925141898804,
    0.25208667092000714,
    0.20020657618427548,
    0.18631109485494865,
    0.3136217509681991,
    0.2714058541888024,
    0.2310869685867926,
    0.3350814635308445,
    0.22516260710164043,
    0.30599299435766325,
    0.24568398863818197,
    0.2513573219715153,
    0.2895901671569341,
    0.2499452596514732,
    0.24249972979035017,
    0.25639797861579194,
    0.315006712474619,
    0.29695862390456024,
    0.2695084941180536,
    0.30674742172858666,
    0.2847567946543386,
    0.29097856316906345,
    0.21314076546139232,
    0.24612099905367477,
    0.27341296529991355,
    0.18727147412138265,
    0.24453166189886746,
    0.30126120003498846,
    0.12469915577742433,
    0.33788385130895815,
    0.32252508137540487,
    0.28237284752321373,
    0.3089999914941474,
    0.25848620003016304,
    0.23149685247201082,
    0.2710356683361679,
    0.24290585038506815,
    0.23643840631279872,
    0.28588632769099653,
    0.2894999346968412,
    0.23322321566999174,
    0.23003722112761352,
    0.20265768015110552,
    0.24052881094872058,
    0.31118851183895035,
    0.3062773178830363,
    0.251060019274872,
    0.32670452501704605,
    0.24257304082445508,
    0.23214770990583677,
    0.27557090816376084,
    0.20666018015110552,
    0.29489538187783454,
    0.1584344671109603,
    0.213735406012126,
    0.25769314645701685,
    0.28089247252456756,
    0.3279656857530667,
    0.2923719032417936,
    0.32293182356084454,
    0.24416718578732566,
    0.3304849342219206,
    0.29460895291861544,
    0.38426087672486164,
    0.35269415142387733,
    0.22290138128637182,
    0.2855085778486416,
    0.26266761031506536,
    0.20899899576824743,
    0.12169986489517508,
    0.3037920865226413,
    0.18442409208503704,
    0.28984730429784133,
    0.1739552660357832,
    0.23408579050204445,
    0.20886090435028123,
    0.22932793628601447,
    0.2319198123367926,
    0.2901416013635079,
    0.2842643259821614,
    0.13545010654960088,
    0.2128304986418092,
    0.2669966516393936,
    0.26214748215433864,
    0.3285049520786224,
    0.27101002791401657,
    0.2775146575436462,
    0.15152652937243177,
    0.29254311957588564,
    0.2376177114961793,
    0.2835996269080873,
    0.3071784158815784,
    0.36653801561375055,
    0.2322484362860145,
    0.2733634047689467,
    0.28236103131196766,
    0.30103639237917507,
    0.21243957215713632,
    0.2165926624349141,
    0.2656783530282825,
    0.21429268015110553,
    0.2694031488210053,
    0.156057753817089,
    0.35356272510257397,
    0.2843245225232138,
    0.2870071808565471,
    0.2819996575436462,
    0.2306393337255473,
    0.3300474357530667,
    0.292258732548245,
    0.28087375986579194,
    0.24427638387921274,
    0.29285751254824505,
    0.2735596575436462,
    0.21173871535033512,
    0.22018689139760508,
    0.21173561434545934,
    0.16303776603578318,
    0.3019391318778345,
    0.33989750279482384,
    0.23161638387921277,
    0.24100211912065897,
